<?xml version="1.0" encoding="UTF-8" standalone="yes"?>
<addon id="plugin.video.myindian" name="My Indian Tv" version="0.0.2" provider-name="Mikey1234">
  <requires>
    <import addon="xbmc.python" version="2.1.0"/>
  </requires>
  <extension point="xbmc.python.pluginsource" library="default.py">
        <provides>video</provides>
  </extension>
  <extension point="xbmc.addon.metadata">
    <summary lang="en">My Indian Tv</summary>
    <description lang="en">Stream all of your favourites sports,movies and tv from My Indian Tv</description>
    <platform>all</platform>
  </extension>
  <extension point="xbmc.service" library="service.py" start="login" />
</addon>
